close_quarter,canonical_segment,n_won,n_lost,won_brl,lost_brl,win_rate_count,win_rate_value,total_opps
2023Q3,Mid-Market,4.0,3.0,213842.1,135767.13999999998,0.5714,0.6117,7.0
2023Q4,Mid-Market,7.0,11.0,781823.71,1335775.93,0.3889,0.3692,18.0
2024Q1,Mid-Market,9.0,10.0,1230052.13,749846.7999999999,0.4737,0.6213,19.0
2024Q2,Mid-Market,28.0,17.0,2873580.5100000002,1977785.8699999996,0.6222,0.5923,45.0
2024Q3,Mid-Market,34.0,40.0,3243701.2800000003,4527361.74,0.4595,0.4174,74.0
2024Q4,Mid-Market,56.0,59.0,4336109.109999999,5133599.15,0.487,0.4579,115.0
2025Q1,Mid-Market,30.0,29.0,2696188.4099999997,2479762.31,0.5085,0.5209,59.0
